gender,rpi1_sc-118,rpi1_sc-111,rpi1_sc2,rpi1_sc32,rpi1_sc67,rpi1_sc106,rpi1_sc120,rpi1_sc121
1,725.854,442.9865,128,44.9444,34.9857,844.8727,536.4066,525.8983
1,721.6682,444.0833,128,39.4081,47.5395,846.2913,534.5101,527.3604
1,736.7259,444.7674,128,47.4236,39.6232,802.0281,549.1311,513.0653
1,742.9704,445.5334,128,34.4819,39.8497,804.4899,552.7866,497.2907
1,723.1604,438.926,128,28.6356,42.2966,850.7156,538.7133,521.7279
1,721.4492,442.164,128,34.5398,42.72,830.9284,540.4452,512.7192
1,712.5791,445.3369,128,42.9535,43.0116,849.9423,541.4988,537.1349
1,709.8908,441.811,128,41.7732,45.5412,852.0475,534.928,530.5035
1,429.9268,656.745,128,48.8774,77.6209,312.1602,310.8585,257.9632
1,722.3808,430.7111,128,31.6228,38.8973,834.8203,543.8428,515.2718
1,734.983,449.2349,128,49.7393,35.9026,833.9598,541.0148,519.0617
1,712.0407,447.0045,128,45.7056,42.72,855.1783,532.4556,530.2952
1,714.2955,438.3206,128,27.6586,43.8292,829.0024,535.5978,515.4047
1,731.7513,437.3214,128,29.5296,44.2041,801.8884,546.0586,493.8522
1,718.1671,440.7199,128,32.0624,47.4236,842.1502,537.3202,529.7707
1,709.5139,440.9592,128,35.3553,47.4342,853.8256,529.0605,535.5231
1,739.4193,435.9908,128,36.1248,48.5077,819.9121,545.8068,505.0881
1,719.1105,441.6786,128,43.8292,36.6742,833.5767,538.9778,528.7343
1,724.3652,442.7641,128,40.3609,44.9444,836.9594,533.4754,528.6218
1,734.6053,443.4975,128,41.1947,43.8634,838.3752,545.7408,527.3708
1,714.3389,441.7432,128,37.8021,38.0132,856.1805,535.0934,541.0703
1,727.473,435.8738,128,38,36.4006,815.0981,546.7586,505.0802
1,722.1149,421.7404,128,32.3883,38.2884,822.1052,534.6027,510.3303
1,724.8117,427.5161,128,42.72,36.0694,805.015,538.5332,500.5637
1,724.2493,442.7641,128,49.2544,43.1045,829.545,545.1797,527.2457
1,717.7311,439.1104,128,46.1736,45.2548,862.0748,529.2948,540.7587
1,707.7747,433.6646,128,36.3456,47.7074,846.416,526.4001,532.3692
1,743.3472,440.8379,128,31.241,38.0132,801.3719,550.4335,503.1143
1,716.7064,428.4308,128,38.4187,37.3363,838.4748,533.0009,516.0823
1,728.611,436,128,32.7567,41.5933,818.184,540.9806,510.7103
1,1618.6537,903.662,128,6.0828,11.4018,57.6975,20.8087,37.3363
1,734.442,437.9783,128,40.4969,43.1741,794.9692,545.8067,500.7764
1,726.4186,441.1179,128,47.634,38.0526,836.9451,545.7481,530.6487
1,734.7612,422.5648,128,35.5106,52.3927,807.6943,535.3363,506.6014
1,707.2461,433.0935,128,46.3249,32.45,845.4307,531.3474,535.5493
1,746.2292,441.0284,128,50.9902,34.7851,813.1728,544.8018,504.5711
1,735.6392,441.3457,128,49.0408,48.7032,804.3196,543.3231,505.2841
1,719.1565,433.1155,128,34.0588,49.0306,818.1033,539.0148,509.2838
1,713.2216,428.6211,128,37.6962,49.679,840.8002,527.9868,534.3117
1,738.8911,428.6164,128,30.2655,41.4005,805.5588,549.1021,492.062
1,521.472,492.8976,128,38.2884,55.9464,1085.1179,693.6801,669.0209
1,397.3109,170.5579,128,143.9514,42.2019,422.0569,216.601,343.0015
1,480.0104,532.8884,128,35.8469,56.3027,1142.7905,626.5693,593.6548
1,533.4566,488.0349,128,42.0476,50.3289,1060.5376,688.3204,650.2492
1,532.5233,500.6815,128,48.6621,54.626,1070.5597,698.4512,653.9373
1,502.0329,482.5526,128,36.4006,45.4533,1083.8621,677.9852,666.6701
1,496.4967,474.7126,128,31.8277,50.8035,1081.129,680.895,666.7361
1,501.1237,477.2641,128,35.1141,53.7587,1082.8486,684.8445,668.7076
1,519.3534,482.8302,128,39.9249,49.98,1062.4618,694.2622,651.3555
1,489.1237,489.3598,128,47.7074,55.6597,1089.151,675.7404,670.7264
1,501.2704,473.8439,128,33.1059,51.9711,1093.5433,683.8392,677.0185
1,511.4528,490.3244,128,33.0606,52.3259,1095.1028,681.4631,675.314
1,531.3981,501.9651,128,40.1622,51.0392,1070.576,699.3154,660.4309
1,529.0605,496.529,128,47.4236,50.9902,1062.0306,694.6769,657.6055
1,519.0472,497.2927,128,41.3401,53.3385,1081.8003,688.9999,666.946
1,504.7901,484.125,128,36.8782,56.0803,1090.4871,682.6888,667.2219
1,521.8784,494.4896,128,35.8469,46.2709,1073.6499,689.6376,659.7098
1,498.8437,479.3517,128,38.4708,56.648,1079.9745,679.4005,669.8754
1,518.8112,483.8884,128,44.0454,44.9444,1071.0916,696.6104,657.3013
1,490.511,480.9834,128,37.4433,51.3517,1085.7744,683.4106,670.7682
1,496.4726,478.8027,128,30.8058,53,1084.327,677.9749,668.5844
1,530.6119,487.7838,128,34.0588,49.0408,1081.6617,693.0585,650.0623
1,531.4169,496.1452,128,42.2966,50.9313,1067.2919,692.4868,652.4515
1,511.8564,478.6,128,34.9285,53,1067.3668,693.4299,657.1583
1,534.813,494.9192,128,39.0512,49.0918,1074.4865,694.1412,650.0345
1,490.6985,485.4771,128,41.0488,56.0803,1088.7759,683.3915,675.1392
1,509.9745,485.0938,128,33.4216,50.4876,1067.6914,685.0548,658.0129
1,501.5695,476.8071,128,36.2353,51.788,1086.0166,677.0894,675.4058
1,525.3008,482.3578,128,39.3573,47.634,1068.3866,696.3475,657.7614
1,532.1137,491.0367,128,34.2345,47.0425,1067.0791,701.189,654.1223
1,499.1192,486.5604,128,45.4863,43.8634,1057.0089,681.4822,660.3401
1,506.1748,482.912,128,46.6154,54.231,1091.0042,688.8954,666.3392
1,541.2024,480.0771,128,30.8058,49.1935,1072.4197,696.3943,648.8959
1,529.0605,500.4448,128,44.4185,48.1041,1069.2288,697.7571,651.2542
1,530.348,497.2907,128,49.5782,48.1664,1063.1298,696.7847,651.8712
1,1582.2051,1389.5221,128,1,17.1172,36.2353,9,24.5967
1,504.6237,478.4987,128,28.7924,53.7587,1073.9949,688.6697,655.6905
1,506.9605,476.8113,128,38.0526,47,1072.8,694.5646,659.2731
1,497.003,485.8076,128,35.0143,52.7731,1082.4731,683.0204,671.8966
1,500.049,478.8288,128,35.4683,43.9659,1067.5065,681.9539,660.521
1,768.095,542.8342,128,40,48.8467,891.8862,509.7892,521.8784
1,782.7803,544.8303,128,31.7805,50.01,867.0698,526.3735,503.0994
1,768.5707,544.7587,128,41.3038,51.2445,893.5172,512.7231,522.6108
1,771.7318,548.9672,128,28.2843,51.0882,871.7413,518.3214,508.3168
1,773.4003,550.408,128,37.4833,41.3038,859.3585,528.5698,501.3282
1,771.0318,550.6078,128,48.0104,44.7214,867.6093,531.8054,499.769
1,775.8537,550.0082,128,36.4006,49.0102,878.3644,514.1916,514.6358
1,784.5114,563.3978,128,48.1664,39.3954,853.7178,525.9325,499.6318
1,777.7667,552.6753,128,33.8378,42.9535,871.3036,517.349,502.8966
1,771.0875,543.7684,128,48.2701,51.0784,872.3233,515.5386,519.3506
1,781.8145,549.7536,128,44.1814,44.911,859.8866,524.7981,502.2599
1,794.5294,560.7896,128,54.4243,49.8197,861.8265,523.3212,506.7593
1,792.7805,552.4066,128,50.9902,41.2311,857.5762,528.2888,497.0161
1,785.1987,543.8603,128,44.3847,47.0106,840.4338,537.9303,490.6985
1,787.8002,558.4129,128,49.2443,49.93,850.8502,524.3892,498.2219
1,769.4758,546.0568,128,30.2655,55.4437,865.7974,519.339,501.4399
1,792.7736,551.8378,128,43.0116,42.1545,842.3456,529.4384,495.308
1,793.6801,557.3455,128,40.3113,46.3897,859.8755,525.4379,492.3027
1,766.079,540.0565,128,35.0571,44.4185,893.7477,506.9684,519.8788
1,764.108,553.0579,128,63.5689,45.607,866.5564,516.643,518.9239
1,777.8804,554.8342,128,45.2769,43.6578,859.5463,522.473,503.8383
1,755.9557,541.4056,128,43.382,45.618,892.809,507.6633,524.2443
1,779.8622,545.6492,128,43.4166,39,871.3949,519.8317,508.3513
1,781.1581,550.5143,128,43.6005,47.0106,866.6285,524.7037,505.0149
1,764.3854,538.5434,128,39.4462,47.0106,893.7007,506.2578,522.3428
1,765.4705,542.1116,128,38.6394,46.0435,883.2717,509.6597,523.9485
1,790.2056,560.2089,128,59.4054,49.0408,864.3425,519.7615,514.3821
1,771.2964,548.0082,1152,31.7805,41.7253,872.9169,523.3068,507.4032
1,767.4907,547.4386,128,50.2494,48.0833,903.8391,508.2067,531.8957
1,778.3021,556.0081,128,57.2189,43.8406,872.0206,520.0961,512.29
1,791.8649,565.2203,128,48.8365,45.6946,854.4846,525.73,498.3623
1,768.3567,542.2416,128,40.1622,41.2311,892.7094,505.0723,523.215
1,778.0643,552.9412,128,52.2398,36.7967,848.7338,520.3268,505.917
1,785.5731,548.3357,128,45.618,44.1022,846.0502,524.7857,494.4906
1,776.5526,542.7799,128,34.5398,46.0977,899.327,510.7563,522.3887
1,769.7493,544.7385,128,21.9545,43.2897,883.6249,518.3252,519.0857
1,767.9128,542.7089,128,34.176,43.9318,891.7516,508.9214,525.1409
1,785.4948,556.0899,128,32.0156,44.7214,873.1094,522.182,500.4358
1,765.3947,548.8351,128,55.5428,44.5533,888.345,512.5778,518.441
1,776.74,556.7522,128,58.7963,45.3982,878.9341,509.7529,520.3893
1,552.3088,408.163,128,55.8659,45.2217,995.751,603.9106,605.404
1,546.2426,397.0453,128,44.9222,50.2494,1021.0549,597.4822,617.6682
1,546.1254,404.6047,128,47.3814,50.2195,1017.4875,605.5626,609.8934
1,550.5724,399.6624,128,45.0444,56.7539,1008.542,601.7516,616.6506
1,550.0909,416.4541,128,53.8238,47.8853,996.5465,607.4545,609.3701
1,553.0868,412.885,128,43.6005,50.2494,1016.5181,607.6224,611.2651
1,549.1566,413.8756,128,61.131,48.8774,989.8934,609.4227,606.8253
1,562.4775,395.2581,128,53.1507,54.0833,1015.2172,597.1976,610.2238
1,549.0145,408.4716,128,47.0106,51,1005.1279,616.0397,607.731
1,574.5442,417.7667,128,62.3939,55.3173,991.2866,617.3306,599.3037
1,513.8765,444.4165,128,52.3259,56.8507,1071.0579,557.2297,546.5839
1,500.0999,431.3444,128,41.1096,58.5235,1074.2104,554.0225,555.8246
1,355.5236,500.6756,128,109.444,20.5913,286.1276,125.6423,125.6861
1,552.2617,395.5452,128,56.356,53.6004,1002.3423,600.3332,619.7177
1,349.9614,475.6574,128,111.6647,75.6902,310.1902,87.4643,149.4021
1,569.3452,413.8236,128,52.6308,45.4863,984.2993,613.7336,596.0411
1,575.4207,414.3428,128,57.2451,47.1699,990.0717,613.2031,605.4833
1,551.8197,393.2239,128,48.8262,54.6443,1007.5977,600.334,613.9389
1,548.1104,401.0636,128,41.0122,52.469,1019.2477,601.5887,617.3921
1,537.9536,408.1789,128,60.208,51.6236,1009.0045,603.7425,617.4042
1,546.9122,414.0773,128,49.1935,50.9902,1003.6773,600.0075,615.7573
1,545.5428,413.6786,128,49,54.7449,1020.5341,589.5439,609.0665
1,551.8623,403.3324,128,52.8394,47.4236,1008.3239,599.2704,609.8008
1,540.9196,402.0572,128,36.1386,50.6063,1021.82,600.6164,610.5244
1,568.7047,415.0048,128,46.1736,51.2445,984.4943,607.8002,594.0841
1,566.7892,414.7059,128,62.6817,54.5619,990.5231,607.912,604.2731
1,572.6028,421.9016,128,63.0317,53.8238,987.1433,615.0325,602.6085
1,569.0588,420.5294,128,48.3011,49.5177,983.0005,615.5405,598.4062
1,548.5126,402.5146,128,44.0454,51.4781,1011.5187,601.4026,615.8937
1,550.6814,411.0012,128,48.1664,50.2195,1013.6217,606.3876,617.2074
1,565.1274,428.4017,128,53.9073,44.7214,987.0081,610.3638,595.7852
1,568.2429,427.1592,128,60.9262,50.4876,985.3973,610.6005,602.1379
1,551.3402,398.0452,128,50.8035,50.448,1014.3851,594.8345,620.3225
1,545.825,393.0712,128,45.4863,50.8035,1010.636,600.2141,610.7372
1,541.0231,407.1818,128,50,54.7449,1010.2723,603.8485,617.3815
1,556.5967,425.368,128,51.9711,47.676,994.1917,604.2061,603.3051
1,563.4909,403.901,128,57.3847,53.6004,997.7626,602.3362,608.2319
1,566.5589,404.2932,128,59.0762,54.0833,999.2202,611.6682,613.8021
1,543.173,399.0213,128,49.98,53.7587,1020.1333,601.5023,623.134
1,548.8023,410.7286,128,38.3275,45.3431,1022.6226,603.7922,611.4941
1,542.1116,512.0596,128,60,49.163,1151.0851,625.0672,643.7701
1,561.2575,521.4643,128,55.0091,50.2494,1139.0522,643.5293,631.3201
1,555.2387,491.6848,128,43.8292,51.4296,1135.7645,624.2051,627.5867
1,537.376,490.7178,128,51.1566,53.7122,1147.2562,621.5505,639.0125
1,562.4242,510.2979,128,50.3289,56.0357,1127.9471,632.0831,633.5242
1,571.756,512.0908,128,56.921,55.0091,1126.0093,631.4657,622.3062
1,530.348,495.1768,128,52.5547,53.3385,1152.601,618.4958,647.1677
1,528.3455,500.6116,128,38.2753,57.3062,1156.25,624.6959,645.3975
1,551.6493,514.1293,128,54.1295,55.2268,1158.8218,625.6341,645.777
1,536.85,490.5518,128,46.5725,50.8035,1137.3584,628.6446,637.2449
1,535.5717,494.5402,128,47.1699,58.6941,1161.4965,626.712,645.0504
1,543.9485,498.3342,128,49.366,52.7731,1139.1382,635.4337,634.6692
1,542.3799,503.6715,128,59.9083,51.6236,1142.0723,635.5006,629.9841
1,715.6291,86.8332,128,159.5117,125.3555,321.6022,92.3147,139.4453
1,542.0231,498.9639,128,44.7772,50.4777,1141.6375,631.145,634.8322
1,554.6071,518.1168,128,55.4707,54.7814,1146.4034,630.4919,638.3799
1,542.0858,505.4602,128,57.3847,44.4072,1155.1797,627.6974,650.1107
1,549.4015,494.4906,128,44.643,54.037,1141.245,634.8582,631.3771
1,551.1769,510.6486,128,53.1413,59.5063,1137.0427,630.9167,639.6882
1,533.8558,494.8464,128,42.9535,60.208,1157.6821,627.9952,638.6815
1,529.1361,491.5872,128,41.1947,52.1536,1147.0122,627.6703,642.7722
1,553.507,516.2839,128,64.5136,54.4059,1123.3739,635.1512,629.1741
1,557.7186,518.1631,128,58.1894,58.0345,1137.4203,632.2816,632.7756
1,563.3206,514.7475,128,63.9766,58.0086,1141.7681,639.9976,629.0032
1,556.6229,507.8238,128,49.0102,52.4309,1115.8678,629.2122,619.9557
1,528.6398,488.4557,128,59.0762,58.3095,1157.1245,619.6685,647.6056
1,558.5499,509.0275,128,52.4976,50.2494,1137.7399,637.561,630.5244
1,553.3362,506.2194,128,59.397,55.0727,1163.454,625.18,641.5232
1,542.6979,491.5038,128,46.6154,54.0093,1128.5991,619.2294,629.7428
1,558.9007,510.0157,128,66,54.4518,1120.7859,630.4482,627.4982
1,555.7932,506.8984,128,60.5392,49.6488,1132.5026,630.5061,630.4363
1,530.1821,479.8417,128,51.4004,56.0446,1130.4304,626.5373,627.8232
1,539.3042,485.5718,128,45.2217,46.3249,1146.4419,626.6011,639.5529
1,561.2281,511.4939,128,56.4004,49,1127.0217,642.6547,620.6392
1,541.8533,492.651,128,46.4866,59.0593,1166.0155,622.2057,646.1285
1,537.5817,479.9927,128,48.3839,57.3847,1160.2468,620.5159,643.5628
1,536.3282,480.4175,128,44.1814,52.8867,1161.1891,623.6481,647.6558
1,537.7657,482.6759,128,44.5982,49.93,1134.8031,630.9842,630.9841
1,554.7936,497.9528,128,54.5894,47.4236,1129.0297,636.7205,621.7114
1,549.3433,500.8842,128,58.4637,55.3263,1138.8292,618.3915,644.0186
1,1618.6537,903.662,128,6.0828,11.4018,57.6975,20.8087,37.3363
1,752.0492,396.5363,128,45.5412,36.6879,787.9017,534.8943,486.6559
1,747.0529,388.1469,128,34.3657,41.7253,791.1618,533.436,486.0545
1,746.2292,441.0284,128,50.9902,34.7851,813.1728,544.8018,504.5711
1,746.1937,407.3573,128,37.5899,37.3363,815.0496,546.1135,505.001
1,746.0322,424.4255,128,42.2019,36.1248,806.8221,549.9272,501.3991
1,745.3221,414.7698,128,49.0408,41.0488,811.4788,549.6216,506.9211
1,744.6643,413.8031,1152,50.2494,49.1935,818.3984,546.9489,512.7621
1,744.2177,391.5635,128,28.8617,43.9659,806.7875,548.1788,492.5851
1,743.9637,426.8548,128,38.1838,39.8246,793.9175,552.7838,501.3601
1,743.9422,426.4388,128,40.3609,38.2099,799.2878,548.1286,500.1
1,743.7486,429.1946,128,37.5367,39.0512,823.0145,550.1536,518.467
1,743.3472,440.8379,128,31.241,38.0132,801.3719,550.4335,503.1143
1,743.1319,422.1208,128,44.3847,40.4969,791.6376,548.3101,500.6086
1,742.9704,445.5334,128,34.4819,39.8497,804.4899,552.7866,497.2907
1,742.823,419.7618,128,51.4004,40.5216,800.5023,551.9828,501.5466
1,742.006,389.8474,128,49.5782,39.3954,809.7654,545.619,505.0485
1,741.483,406.6743,128,38.3275,38.6005,813.0344,544.7798,495.6309
1,741.1464,425.9777,128,36.3456,37.5367,796.1721,547.2339,507.7263
1,741.0492,422.909,128,42.4264,46.7547,809.1063,544.3253,500.065
1,740.0169,433.8687,128,46.0109,34.2053,807.6658,544.2812,513.0692
1,739.8878,367.4616,128,45.607,39.0128,793.1236,542.0009,495.762
1,739.6391,405.0802,128,39.2173,43.8634,799.1708,550.5352,505.8943
1,739.4193,435.9908,128,36.1248,48.5077,819.9121,545.8068,505.0881
1,739.1868,422.2843,128,47.3814,44.8219,810.5306,541.9152,516.853
1,739.1144,356.8207,128,38.4838,41.6293,792.1017,539.4534,490.5884
1,738.8911,428.6164,128,30.2655,41.4005,805.5588,549.1021,492.062
1,738.8809,393.0051,128,45.3431,45.4863,801.7737,548.2664,505.6807
1,738.8132,397.0416,128,42.8019,35.8469,822.3406,540.0536,513.1403
1,738.7564,427.2154,128,39.2938,38.8973,800.4761,546.1108,503.009
1,738.6,396.8123,128,49.0408,41.6293,791.5409,543.1832,506.1748
1,738.3015,425.2646,128,44.1475,43.4166,801.624,540.7449,500.4968
1,738.1924,422.909,128,34.2053,37.5367,798.01,546.4449,503.9891
1,738.0109,420.3154,128,43.9318,38.8973,795.6594,555.9892,502.9771
1,737.8787,422.1433,128,28.0179,41.7253,806.3709,553.4013,502.3076
1,737.4965,386.1049,128,40.7922,40.8534,795.4351,541.4444,497.8925
1,737.4605,408.9315,128,53.2259,38.2753,829.0778,539.3042,527.0237
1,737.3093,410.5277,128,44.1022,42.7551,800.5929,546.9205,498.4426
1,737.0814,420.905,128,45.4533,40.2616,806.5396,544.3473,511.8632
1,737,382.0275,128,29.8329,46.2385,811.8036,539.2411,490.099
1,736.7259,444.7674,128,47.4236,39.6232,802.0281,549.1311,513.0653
1,736.715,421.1615,128,41.6773,41.0488,792.3245,547.0658,501.4399
1,736.6689,433.1951,128,35.7351,50.9215,842.2173,538.7114,531.0085
1,736.5989,422.2914,128,42.7551,37.4833,803.4034,552.5016,515.6171
1,736.3097,377.0848,128,43.3244,43.0116,796.9097,545.5804,489.0358
1,736.2961,388.4598,128,30.8707,47.1699,794.1367,543.4795,496.0252
1,735.7391,380.2959,128,44.0114,41.0487,791.9911,543.3415,488.5591
1,735.6392,441.3457,128,49.0408,48.7032,804.3196,543.3231,505.2841
1,735.612,383.0509,128,44.5533,38.8973,820.125,535.6958,509.3721
1,735.3972,394.4579,128,39.5601,40.7185,783.3396,552.7477,500.6496
1,734.983,449.2349,128,49.7393,35.9026,833.9598,541.0148,519.0617
1,734.9782,378.9366,128,38.4708,45.7056,809.6728,545.9158,504.3372
1,734.7612,422.5648,128,35.5106,52.3927,807.6943,535.3363,506.6014
1,734.6053,443.4975,128,41.1947,43.8634,838.3752,545.7408,527.3708
1,734.5911,425.7758,128,42.72,45.607,805.9832,542.1891,505.0188
1,734.5345,414.4032,128,44.643,38.4708,827.3451,538.354,524.7256
1,734.5073,364.5518,128,33.6006,44.0454,795.973,533.256,494.252
1,734.4685,366.4887,128,39.8246,34.4819,789.8614,543.2826,494.0789
1,734.442,437.9783,128,40.4969,43.1741,794.9692,545.8067,500.7764
1,734.4338,397.7587,128,44.2832,41.4367,791.6445,546.5099,499.93
1,734.4182,401.6018,128,33.2415,46.6154,784.1747,544.0312,490.5966
1,734.4147,429.5777,128,41.0366,39.4462,789.0026,551.1125,500.9591
1,734.363,419.3948,128,48.5077,43.7379,803.2957,551.1415,505.6026
1,734.3249,435.27,128,43.566,47.0106,809.0599,550.4362,513.9533
1,734.3194,423,128,31.5753,34.2345,815.3649,538.9778,494.2712
1,734.2942,377.1074,128,54.1479,46.9574,804.7838,538.1124,497.8604
1,734.137,413.3582,128,45.2217,40.2244,821.2339,543.5338,515.7374
1,733.8426,404.2487,128,46.8615,46.0109,809.3115,536.606,509.4173
1,733.7915,391.5674,128,51.0882,45.3431,819.6054,540.0898,517.9585
1,733.6655,382.5454,128,36.0694,39.3954,782.7036,548.3256,496.4524
1,733.3873,440.5565,128,47,43.8634,814.7147,550.3908,507.0779
1,733.3335,358.2304,128,40.8044,40.8044,800.9999,538.6891,495.9032
1,733.1609,405.216,128,35,45.4533,788.5182,548.6292,495.9889
1,733.0682,414.093,128,41,31.3209,800.0157,551.2349,500.9531
1,733.0436,409.176,128,41.7612,37.3363,800.7128,545.7701,504.9277
1,732.7571,404.7938,128,55.109,44.7772,795.6846,547.403,494.1458
1,732.5359,425.5537,128,46.0977,37.6431,808.7237,543.0037,511.7812
1,732.4617,358.6,128,40.3609,41.0366,790.5695,539.3709,493.2798
1,732.3414,365.5475,128,38.2099,43.7379,792.9344,541.7767,498.1285
1,732.3059,407.7413,128,44.7772,38.9102,814.8386,539.8907,513.0789
1,732.2363,400.0612,128,41.5933,38.6005,832.9135,534.6027,517.3568
1,732.2056,385.6034,128,39.3192,37.9473,784.8936,544.6953,493.146
1,732.1475,391.1036,128,34.8281,42.2019,789.624,543.6617,501.1756
1,732.1339,437.8641,128,46.5188,37.5766,822.2341,541.1663,517.8494
1,731.8497,381.2152,128,48.8262,41.0366,795.3119,540.1074,506.3793
1,731.7513,437.3214,128,29.5296,44.2041,801.8884,546.0586,493.8522
1,731.6865,378.3807,128,39.6989,47.676,797.9386,546.8245,497.4897
1,731.519,360.6494,128,40.8534,36.7696,793.0908,537.4431,500.6635
1,731.3857,428.796,128,39.6232,47.2017,833.6936,540.9482,527.8428
1,731.3857,369.6931,128,38.1838,44.4072,800.493,544.2739,495.2414
1,731.197,375.9694,128,53.6656,41.3401,812.9581,535.8525,515.2883
1,731.1143,404.8506,128,34.176,46.0435,800.6604,537.8187,494.7899
1,731.0062,366.5215,128,49.5177,46.6154,796.8268,541.7767,498.3172
1,730.8434,376.7148,128,43.566,43.1741,797.0797,545.1797,497.3148
1,730.814,356.3495,128,39.5601,43,792.2752,538.5695,487.7479
1,730.7763,382.1021,128,53.0848,40.3113,812.5743,534.6335,510.7768
1,730.7325,384.2135,128,41.2311,39.8121,778.8382,544.4722,495.0727
1,730.6025,391.2467,128,48.1664,45.607,789.2198,549.477,499.3165
1,730.3972,379.7947,128,48.2597,45.0444,821.2631,536.263,514.2422
1,730.2739,374.8626,128,47.634,41.1096,791.091,542.3035,496.7786
1,730.1048,432.0301,128,41.3038,48.8262,845.1651,534.813,529.2003
1,730.0685,423.2493,128,36.0555,45.9674,837.7314,538.7588,514.4327
1,730.0685,400.7917,128,46.1736,39.8497,809.7012,538.6966,514.9446
1,730.0007,427.9556,128,50.1199,33.9411,810.6473,542.5541,518.3831
1,730,409.9134,128,27.7849,44.7772,810.4777,540.0009,503.5017
1,729.9384,383.2754,128,46.0977,33.6006,803.727,550.3681,504.4294
1,729.7561,380.1079,128,51.2445,38.833,816.525,547.4496,515.5938
1,729.5986,372.2539,128,36.7151,44.9222,799.2122,544.4888,494.3855
1,729.5807,407.4923,128,37.6962,37.4433,842.241,534.9636,528.0237
1,729.5622,371.7472,128,37.6962,41.7612,792.8058,542.4187,498.7605
1,729.395,393.8248,128,44.5982,50.0899,814.6171,535.7313,518.2673
1,729.3566,410.3328,128,30.2324,43.1856,847.4149,529.6574,532.6631
1,729.3319,426.5501,128,34.9285,37.855,803.488,542.8591,518.8112
1,728.9753,400.17,128,35.8469,44.4185,784.0823,546.5757,500.066
1,728.67,426.9719,128,40.7922,44.7772,834.1828,539.6072,520.7043
1,728.611,436,128,32.7567,41.5933,818.184,540.9806,510.7103
1,728.4312,368.8604,128,34.9285,44.1022,809.4752,535.3737,501.9492
1,728.4264,399.7824,128,49.8197,48.7647,812.3035,543.162,515.8004
1,728.0391,407.0442,128,39,35.8469,811.0549,532.8649,517.2243
1,728.0007,375.0466,128,47.927,40.4475,786.8037,537.3602,490.7189
1,727.8475,361.0055,128,41.4849,42.7551,791.5788,536.1343,494.2682
1,727.7892,376.3788,128,27.2029,46.3249,797.8998,542.403,497.5792
1,727.772,375.533,128,44.9444,35.7351,787.1581,542.5173,492.4429
1,727.761,365.4039,128,52.345,42.2966,826.896,530.0236,512.7192
1,727.671,409.4997,128,38.9487,48.5489,831.6231,534.3351,524.7419
1,727.473,435.8738,128,38,36.4006,815.0981,546.7586,505.0802
1,727.4648,370.6427,128,42.72,44.7214,821.7177,534.7421,507.5609
1,727.3961,400.2449,128,41.1096,36.0555,788.2366,558.6492,505.3603
1,727.3307,372.2849,128,42.0119,41.7732,782.1061,543.6249,492.7444
1,727.2139,377.9021,128,50.2494,40.2244,789.6157,538.4459,497.2052
1,727.1953,374.7599,128,49.93,38.4838,828.4395,537.0605,522.2806
1,727.1217,379.3007,128,30.8058,41.0488,808.1788,542.4039,501.5695
1,726.8149,363.0771,128,36.1386,43.3244,787.2769,544.0267,495.997
1,726.5219,370.667,128,41.3401,48.7647,830.1717,533.076,514.2004
1,726.4276,402.9342,128,48.0833,34.9285,813.7057,539.9574,518.7003
1,726.4186,441.1179,128,47.634,38.0526,836.9451,545.7481,530.6487
1,726.1873,364.0453,128,36.2353,49.3356,793.7084,536.7774,496.7917
1,726.1411,373.5238,128,48.7955,43.0465,800.7653,542.0378,500.8014
1,726.1108,365,128,43.0465,51.0098,824.4877,523.894,511.9268
1,725.854,442.9865,128,44.9444,34.9857,844.8727,536.4066,525.8983
1,725.6204,401.6429,128,38.0132,42.107,796.6561,544.9183,502.8121
1,725.4247,422.1528,128,50.0899,39.6232,830.7888,531.0461,526.3658
1,725.3854,373.7513,128,44.5533,39.2046,794.3803,554.9234,495.6945
1,725.1985,381.0118,128,53.1507,48.3736,819.136,528.0956,515.0243
1,725.069,360.4511,128,39.3954,41.2311,782.4129,539.963,492.3921
1,725.0338,389.4946,128,50.0899,35.7771,841.7708,531.8647,520.8013
1,725.0062,418.1507,128,48.0937,38.833,835.8475,539.723,521.4374
1,724.9855,406.5329,128,45.8803,40.3113,842.3972,536.8594,525.5949
1,724.942,369.1341,128,46.4004,41.1096,780.6005,536.9031,496.4876
1,724.9366,417.4123,128,35.0143,46.5725,810.622,547.8476,502.1016
1,724.8641,381.2663,128,33.2415,42,808.9629,535.9347,493.9818
1,724.8117,427.5161,128,42.72,36.0694,805.015,538.5332,500.5637
1,724.809,384.5257,128,45.4863,44.7214,807.402,546.3552,515.9632
1,724.6717,405.8239,128,44.7772,39.6989,823.4683,541.3502,526.2632
1,724.486,374.6385,128,48.8774,40.3113,790.6301,541.1663,498.4827
1,724.3652,442.7641,128,40.3609,44.9444,836.9594,533.4754,528.6218
1,724.2493,442.7641,128,49.2544,43.1045,829.545,545.1797,527.2457
1,724.2465,429.7732,128,50,44.5533,843.1038,534.1479,534.0636
1,724.1892,369.4455,128,44.5982,37.6431,813.2828,540.0592,509.0894
1,724.1657,373.0376,128,47.4236,42.9535,794.0888,537.7825,499.94
1,723.8701,359.6679,128,33.0151,53.3104,836.1083,529.3808,525.4303
1,723.6187,367.4479,128,39.9625,38.2753,814.3003,541.1174,506.6636
1,723.5316,411.4912,128,41.4005,37.3363,796.4,541.4767,501.9691
1,723.4286,372.7868,128,51,38.2099,809.9383,533.8164,515.6985
1,723.3098,373.3765,128,38.0132,41.7612,791.7329,539.037,502.9294
1,723.2275,358.1019,128,31.9531,46.2277,820.5912,526.5216,500.4088
1,723.1604,438.926,128,28.6356,42.2966,850.7156,538.7133,521.7279
1,723.0173,368.4807,128,48.5077,42.0476,818.9171,525.884,516.4969
1,722.8969,389.6486,128,40.1123,49.4975,833.657,530.6487,528.8875
1,722.8727,358.2639,128,38.1182,42.72,797.3005,532.4302,487.3602
1,722.7206,355.629,128,50.9902,37.1214,813.5171,531.097,513.4141
1,722.6853,374.6038,128,38.6394,44.7214,802.2375,545.9963,494.5948
1,722.596,401.618,128,40.0125,45.6946,841.123,531.4169,536.0037
1,722.5206,376.0917,128,36.2215,49.0102,842.4138,530.1246,527.7954
1,722.3808,430.7111,128,31.6228,38.8973,834.8203,543.8428,515.2718
1,722.1149,421.7404,128,32.3883,38.2884,822.1052,534.6027,510.3303
1,722.0782,389.8679,128,29.6142,45,828.4021,542.355,517.4263
1,722.0533,368.9133,128,40,38.833,811.3716,544.3124,501.4958
1,721.9973,430.401,128,47.2652,41.0122,830.7839,540.4961,525.9515
1,721.8698,366.1489,128,41.4367,52.345,799.3029,538.3205,498.0863
1,721.6682,444.0833,128,39.4081,47.5395,846.2913,534.5101,527.3604
1,721.6682,379.7697,128,41.7732,38.1182,831.8203,533.0338,525.038
1,721.6238,362.2775,128,39.9625,48,836.1674,529.9094,525.5873
1,721.4492,442.164,128,34.5398,42.72,830.9284,540.4452,512.7192
1,721.0167,366.2676,128,54.6717,43.7379,822.7326,523.5456,516.9623
1,720.9244,373.4836,128,43.9318,48.1664,827.7252,528.8109,520.1384
1,720.9106,380.8648,128,38.0789,47.8539,820.2354,533.5935,512.0205
1,720.9002,372.8338,128,43.0813,38.6394,824.0024,525.0924,516.8714
1,720.8716,363.2657,128,39.9249,42.2966,803.9061,537.8197,495.202
1,720.8502,420.867,128,48.7545,39.8246,827.1832,533.6085,529.8311
1,720.4138,421.171,128,43.0116,38.3275,840.0476,535.5969,529.8018
1,720.3867,362.3603,128,38,49.0917,803.628,532.8884,495.4291
1,720.1903,384.1874,128,44.2719,46.4866,837.6974,530.495,528.6747
1,720.1069,422.0391,128,33.2415,42.4264,758.1695,535.5222,492.7515
1,719.8138,357.8659,128,27.8927,46.3897,802.3596,532.8884,495.4039
1,719.8055,357.5612,128,29.0172,48.5077,822.5813,530.789,512.8782
1,719.7006,394.3666,128,42.45,42.45,841.3537,532.9109,529.3893
1,719.668,388.1198,128,46.0435,41.0366,832.6692,536.4895,525.0381
1,719.5804,373.8943,128,50.774,42.4264,851.7118,531.3915,525.9506
1,719.5679,367.5554,128,40,44.2832,799.4223,524.4292,507.001
0,677.7507,483.7654,128,44.5533,32.249,713.7114,442.485,432.8071
0,676.6166,476.892,128,30.4138,30.5941,733.3464,429.4392,437.6528
0,691.8417,480.7682,128,38.9487,37.6563,740.412,432.4361,438.4632
0,692.0875,474.8021,128,45.0444,41.3401,724.94,437.8721,443.1986
0,686.7263,482.0384,128,48.6621,25,718.5854,442.3087,425.8004
0,665.1414,471.874,128,37.1079,34.6699,728.5115,421.2944,455.6424
0,675.8462,468.855,128,36.7967,32.5576,733.7057,419.1086,454.3567
0,675.8499,467.8985,128,37.2156,40.8044,744.8933,429.3309,455.3427
0,688.796,475.5092,128,43.0116,39.6232,717.0565,430.9478,435.1667
0,671.2928,467.3864,128,44.7772,35.1141,735.0843,428.9907,450.5685
0,688.571,484.7927,128,32.3883,33.2866,713.7766,444.3028,423.0012
0,667.0203,477.8002,128,29.0689,35.8469,738.5126,426.0575,452.3593
0,691.1223,479.2703,128,47.8017,36.7967,705.392,439.3643,427.6868
0,675.5006,468.7739,128,31.1448,36.3456,747.3185,422.2251,453.1104
0,689.296,483.2649,128,46.2277,32.3883,708.0183,438.7551,429.9442
0,690.9891,487.9764,128,46.5725,28.8444,716.1572,442.4082,421.7511
0,670.5319,472.9926,128,31.5753,32.5576,749.4164,424.6093,452.1869
0,692.4883,484.0868,128,47.5184,27.6586,702.5447,438.9898,425.1317
0,681.6312,474.9442,128,51.7397,37.5899,722.144,429.9419,438.9464
0,687.4795,475.6185,128,43.1856,29.7321,712.0259,436.715,431.0824
0,673.1901,476.4242,128,27.2947,36.0555,742.5806,422.5305,442.7968
0,670.3976,462.5332,128,37.054,41.7852,733.6184,430.0849,455.0275
0,687.6757,480.5799,128,46.6154,33.121,704.399,448.4864,420.7006
0,686.1282,474.3438,128,41.9762,32.0156,721.2933,444.9292,421.9111
0,691.6538,475.5208,128,45.0111,36.3593,715.8394,441.2267,437.9589
0,666.886,473.4944,128,41.1461,35.9026,739.5485,430.2057,449.4942
0,676.8589,474.9063,128,39.0512,39.8246,735.3917,426.945,446.3866
0,694.7072,486.0422,128,43.6807,30.4138,716.9108,441.5484,426.747
0,679.7205,468.1133,128,29.8329,34.6554,753.1719,425.8415,452.0409
0,687.1863,477.1887,128,42.19,39.9625,713.1683,439.411,432.3563
0,680.1897,485.9897,128,51.8941,31.0484,703.4096,444.3568,424.6045
0,692.2153,474.2288,128,41.7732,31.5753,719.3608,441.7793,419.5152
0,676.1841,467.6067,128,30.8058,40.2492,748.5039,423.4265,452.9603
0,670.7861,468.615,128,36.0694,43.6578,744.7362,425.9589,453.0618
0,659.8159,475.3798,128,48.0104,36.1248,734.3766,424.3642,461.7359
0,690.8032,488.0502,128,30.0167,33.2866,729.4848,444.0721,428.0187
0,670.2902,472.0699,128,33.0151,36.0555,734.0824,428.5615,444.2882
0,674.2144,474.6588,128,29,38.0789,739.138,432.8625,444.0011
0,672.6083,473.4828,128,42.4853,33.1059,731.7513,432.5009,446.3765
0,672.7147,464.4308,128,37.2156,36.3593,743.4521,426.0575,450.472
0,779.7141,444.2083,128,57.0351,51.614,781.0057,434.053,442.8995
0,760.8679,443.8434,128,41.2311,44.0454,807.2186,425.7346,461.6026
0,759.2128,452.0409,128,55.4707,45.8039,797.5275,428.5533,459.2962
0,772.338,445.926,128,34.2053,49.2037,794.9365,435.9014,457.5642
0,784.0842,452.0398,128,48.2597,38.0789,776.6647,441.3275,445.6692
0,767.7507,452.3538,128,46.7547,48.7032,804.9056,432.4535,449.4374
0,770.2324,446.2298,128,37.3363,49.7393,804.9553,429.3029,454.1388
0,777.0842,447.6662,128,51.923,47.8539,779.6698,446.0549,441.4748
0,772.0525,445.246,128,50.9608,42.0595,797.155,437.3065,460.3325
0,779.539,454.7054,128,49.6588,46.0977,756.3398,450.2499,423
0,788.2595,451.7743,128,48.1041,48.7955,775.5385,440.941,430.8747
0,773.0232,441.0907,128,35.7351,47.5079,809.6079,428.8415,450.8237
0,766.7399,438.7494,128,38.3275,50.9902,797.629,426.9731,454.8428
0,450.3521,84.3445,128,163.0859,86.4523,482.2219,287.7846,270.0833
0,772.2655,459.6096,128,43.0465,40.3609,786.4661,435.3321,439.2459
0,434.8391,123.584,128,125.2837,31.7805,576.2101,338.9041,294.6353
0,792.4601,456.9048,128,45.8803,40.8044,762.4074,445.018,421.9881
0,777.2496,459.479,128,39.3954,31.1448,794.7692,439.8773,436.5695
0,766.9589,445.3246,128,39.1152,43.6807,808.8937,427.1265,449.7655
0,711.6249,481.3616,128,52.7731,43.0465,812.8887,412.3348,387.951
0,785.3483,454.3006,128,49.5177,45.4863,762.7194,446.7986,433.2667
0,762.1214,459.8445,128,43.4166,43.382,785.7239,435.1333,443.1986
0,782.7036,464.2079,128,55.0364,36.2215,757.6516,452.6566,422.5222
0,792.0821,459.9217,128,54.4518,45.6946,749.1662,453.6573,418.8078
0,783.1251,467.2387,128,57.2451,45.4533,759.669,446.0415,419.4472
0,777.6381,449.7221,128,50.4777,50.8035,784.1895,433.97,448.4128
0,772.6901,452.4743,128,50.2494,44.3847,790.2657,437.2928,453.8116
0,777.8336,455.3427,128,54,47.5395,764.2363,446.4941,437.1728
0,762.0104,447.17,128,37.8021,43.9659,798.4297,430.4254,459.5041
0,782.8262,468.9659,128,57.0351,45.618,759.1396,446.5422,424.0436
0,770.8761,451.359,128,42.638,40.8044,780.767,441.3672,436.8673
0,763.9162,451.4023,128,45.3431,46.0977,789.4081,429.7546,456.2149
0,772.6066,450.472,128,53.7587,48.5077,773.8171,439.8022,439.2562
0,771.8561,456.826,128,44.4072,41.4367,784.7802,436.5375,448.135
0,775.9053,461.5734,128,41.8808,49.6588,770.3279,441.5665,429.4601
0,792.7528,462.3851,128,51.6236,43.8634,765.2014,449.3952,418.4746
0,771.8912,454.459,128,45.2217,44.7214,791.9608,437.5352,439.0012
0,768.4335,455.379,128,50.448,48.3839,768.9382,441.8472,438.959
0,789.9576,461.5561,128,50.6952,37.5899,763.7906,448.8263,418.994
0,779.6595,454.767,128,57.5674,46.8722,772.0317,434.8851,432.3066
0,778.2526,484.9794,128,55.2268,43.9318,748.2366,426.3391,425.3022
0,784.6662,486.0391,128,50.5964,49.7695,751.6649,424.1556,416.0385
0,770.3401,486.4237,128,59.4138,44.9444,740.8273,425.6912,421.3431
0,759.4788,479.5884,128,37.7359,40.1622,773.4372,412.4197,438.4746
0,761.0106,492.3109,128,41.1461,53.0094,781.2976,413.8176,438.8132
0,785.6844,488.8722,128,53.7122,38.4187,739.1955,430.1186,410.2158
0,772.9482,477.2725,128,46.0435,48.0104,766.7261,412.8111,435.5066
0,778.2571,493.4471,128,54.5619,39.3573,745.8069,429.0046,419.6868
0,748.0174,478.7536,128,57.6281,43.9659,767.6412,415.4961,443.4016
0,768.0501,487.0523,128,56,42.0119,755.2112,421.114,437.4757
0,393.6001,301.015,128,43.4166,34.1321,681.1615,327.2339,348.0517
0,762.5287,480.4165,128,29.7321,43.0116,782.1771,408.5339,442.6523
0,782.6525,484.6535,128,40.7922,45.3542,748.276,423.4159,408.0319
0,774.4857,479.5102,128,57.6975,41.4005,747.8837,418.8031,432.0197
0,767.9388,480.7796,128,29.6142,35.0571,787.6732,409.2982,439.2198
0,759.7539,474.1951,128,54.1479,41.7732,773.2173,411.4475,444.2432
0,780.1417,487.1653,128,54.1202,38.6394,734.932,429.4834,407.5696
0,765.0908,471.6577,128,37.0135,44,786.5393,410.9659,440.0182
0,780.6677,491.7367,128,53.3385,39.1152,734.3439,432.3251,409.5424
0,761.7277,481.8143,128,35.1141,45.607,776.4721,414.9819,440.8288
0,755.2086,485.2473,128,40.2492,47.0106,770.8159,412.8401,446.6598
0,767.4542,485.0041,128,33.2866,52.8015,772.4921,419.9869,429.8151
0,785.8632,485.9269,128,58.2151,42.19,746.0463,433.7891,412.6839
0,778.8157,475.8708,128,45.1774,46.2385,767.6001,413.1404,438.0012
0,778.9178,483.508,128,35.8469,48.3735,764.2512,419.8869,422.7647
0,777.5043,483.9969,128,58.7282,41.6293,739.4572,429.8116,419.4401
0,761.0946,484.3356,128,48.7955,42.72,775.0522,410.9112,448.2009
0,769.8032,494.2975,128,51.8556,38.1182,736.1576,430.4091,403.7449
0,754.3852,475.282,128,49.3964,46.6154,774.7025,408.1299,443.0914
0,777.422,483.265,128,52.2015,41.4849,744.342,425.6877,424.3784
0,775.8537,492.6866,128,36.0694,45.607,760.3058,423.2493,414.9036
0,775.8358,501.0878,128,46.1411,37.5766,750.7064,428.6176,418.8007
0,786.3593,480.3207,128,58.1378,45.1221,744.9061,433.0404,421.0463
0,766.1567,471.7648,128,47.676,41.4367,766.1671,412.8353,443.8975
0,788.4479,489.7448,128,51.6624,38.3275,752.559,430.6739,424.1556
0,774.4217,497.1298,128,36.2353,41.0366,777.2284,420.8337,426.1749
0,765.5698,470.4083,128,47.0106,44.2719,777.5513,410.2097,446.3463
0,769.3322,488.2315,128,47.676,43.2666,780.4166,417.0336,443.0948
0,794.9402,486.8593,128,58.0086,55.0091,759.5321,426.427,430.5624
0,780.3102,484.1084,128,34.4093,44.2719,757.4067,430.1407,412.0437
0,527.0636,602.5455,128,43.9318,41.2311,969.1115,639.0634,598.9299
0,506.8659,588.8787,128,31.3847,38.0526,973.6411,625.9265,606.3992
0,523.3068,593.5386,128,45.1774,40.2492,977.1151,630.8701,604.9074
0,534.2434,594.2255,128,42.45,44.1814,966.4658,634.0734,590.3846
0,509.9275,590.8104,128,39.3573,38.0132,969.683,629.1343,602.6649
0,529.2448,595.2756,128,42.2019,47.634,981.7928,634.4919,601.5189
0,519.9856,596.5937,128,37.6962,38.9487,973.481,628.1179,597.4027
0,499.1233,582.6423,128,32.5576,39.2046,970.7606,622.1358,606.3085
0,532.0338,598.0301,128,42.5206,37.2156,976.0558,633.6885,602.1304
0,507.3066,581.0551,128,29.1548,44.9444,978.0082,622.0137,610.549
0,531.241,602.1628,128,39.4462,41.6773,963.1309,638.1927,596.0042
0,532.9109,597.9908,128,45.8803,38.4838,975.5665,634.6062,597.6788
0,524.4359,588.955,128,21.9545,41.6773,973.5055,629.2639,600.4432
0,529.7028,589.9576,128,45.607,36.6742,970.4072,634.3635,604.5312
0,519.7615,594.2559,128,46.0977,44.5982,977.1802,630.1786,613.2087
0,514.9388,579.956,128,42.2019,47.1275,987.2437,630.6727,611.3101
0,507.141,585.4272,128,46.2709,41.4367,992.7306,627.3731,607.5434
0,506.2529,585.5271,128,30,46.1411,985.2761,624.6959,609.5548
0,537.2495,594.4014,128,44.5982,48.6621,982.0223,631.5639,602.5089
0,511.8916,584.7615,128,30.0167,46.0977,965.2192,629.321,603.7227
0,508.4879,593.2833,128,41.7732,37.2021,973.111,627.6249,600.5439
0,528.9329,597.3692,128,46.6154,40.05,959.5879,628.7145,594.7941
0,526.9013,593.8291,128,29.0172,42.1545,966.9214,635.7437,592.3732
0,515.1903,587.6402,128,38.8973,43.382,961.3844,631.1426,603.7027
0,513.6818,592.7065,128,36.2353,39.0128,973.8835,629.9437,605.6476
0,532.6923,595.7491,128,39.6989,39,968.3491,632.2286,588.3298
0,535.5941,593.392,128,29.0689,44.4185,971.3666,641.6495,597.6562
0,522.2117,591.2039,128,32.7567,44.5533,991.1458,624.1963,612.0695
0,530.298,595.1168,128,41.0122,43.2897,985.3699,635.7083,593.8771
0,537.3863,598.509,128,42.2019,40.3113,969.9907,633.9795,595.5544
0,537.443,606.1724,128,46.0977,48.3011,968.649,636.6074,597.1473
0,57.0088,196.1734,128,169.7439,161.3103,749.4965,600.0833,579.1201
0,86.8332,293.7516,128,190.4127,190.7092,717.8983,658.0577,673.0475
0,1615.1672,1690.568,128,4.4721,12.083,4.4721,9.8995,30.6757
0,522.4222,586.6558,128,41.1947,45.3431,979.9719,630.4324,602.7645
0,531.1591,600.6805,128,38.2753,37.2156,961.3995,638.9969,597.0411
0,521.0086,585.0547,128,41.1096,45,959.0333,634.5211,592.5623
0,504.2955,581.3777,128,38.1182,45,980.1653,626.9578,607.5541
0,507.7401,583.0626,128,40.8534,42.0595,990.0126,623.5231,616.2239
0,540.5201,596.1418,128,30.4138,47.8539,970.1484,643.0187,594.0118
0,896.1473,779.0276,128,40.05,10,10,10.6301,17.1172
0,904.4169,768.1413,128,30.1496,5.099,18.0278,13.1529,15.6525
0,899.2136,768.628,128,36.0694,11.4018,13.4164,12.2066,8.9443
0,897.2831,770.4187,128,22.6274,10.4403,29.4109,16.0312,27.7309
0,914.6436,769.3439,128,18.2483,8,32.3883,13.8924,24.331
0,908.3226,778.1549,128,30.4631,12.2066,42.0595,16.1245,23.3238
0,904.757,771.8271,128,15.5563,4.4721,43.9318,14.8661,31.6228
0,906.4447,770.8184,128,35.3836,11.7047,18.6815,12.1655,12.8062
0,920.5222,778.7843,128,23.2594,11.7047,32.1403,11.1803,27.8927
0,649.4898,592.596,128,39.5601,37.8021,759.3326,457.5806,460.5573
0,912.4144,772.1846,128,20.3961,3,33.8378,17,27.0185
0,907.027,770.1039,128,25,10.4403,36.2215,24.0416,26.2488
0,910.7854,774.5844,128,19.6469,5.6569,24.7588,15.2971,21.9317
0,908.3265,770.6757,128,23.4094,14.1421,23.0217,17.2047,18.4391
0,903.0222,773.0957,128,32.3883,7.2111,25.4951,2,29.9666
0,901.7211,771.4324,128,16.1555,2.2361,19.0263,16.1245,24.5153
0,902.9197,768.7756,128,32.311,12.0416,30.4138,14.1421,31.0644
0,899.7077,770.2596,128,31.257,8,29.1548,11,18.0278
0,896.4832,764.1053,128,27.313,9.0554,32.573,16.4924,25.6125
0,901.6058,771.5659,128,19.3132,7.0711,28.6356,12.0416,29.6142
0,909.4888,779.4415,128,13,0,32.7567,16.5529,28.3196
0,917.8764,772.6221,128,19.9249,4.1231,17.0294,11.6619,21.0238
0,909.308,766.6322,128,16.0312,1.4142,20.2237,14.0357,13.1529
0,920.0707,777.7146,128,30.5941,14.7648,5.3852,9.2195,12.1655
0,920.9387,768.0104,128,20.2237,6,27.2029,8.9443,16.4924
0,908.9054,785.4935,128,28.7924,5,9.8489,10.198,15.8114
0,920.0098,775.9311,128,24.0416,9.434,20,9.4868,12.083
0,906.8478,786.2875,128,28.2312,4.4721,31.0484,17.0294,18.1108
0,915.614,772.224,128,26.9258,10.198,37.6563,21.587,15
0,910.5175,769.8084,128,31.3209,5.831,19.2354,8.4853,19.4165
0,924.3728,774.4431,128,16.4012,7.0711,32.45,16.7631,26
0,899.9027,768.4016,128,14.7648,6.0828,22.8035,21.0238,14.3178
0,899.467,767.9128,128,26.0192,9.2195,32.3883,19.9249,25.0599
0,907.3968,769.6031,128,33.2866,5.831,21.9317,15.6205,23.0217
0,901.7062,765.7003,128,34.3657,6.4031,24.0208,6.7082,17.8045
0,901.3878,768.6514,128,29.1548,12.8062,33.6155,24.7386,22.2036
0,918.6522,771.8401,128,29,16.2788,41.2311,14.8661,24.8395
0,909.1166,769.5194,128,22.4722,5,21.0238,14.2127,22.1359
0,917.9564,772.6895,128,25.7099,13.6015,22.8035,9.2195,32.2025
0,908.895,767.1799,128,23.5372,6.4031,22.1359,16.4924,20.2485
0,201.7647,593.6143,128,92.957,22.4722,476.4808,417.9246,352.5365
0,229.9935,616.7593,128,162.8158,44.5982,429.7394,412.8014,285.1122
0,240.4163,682.1356,128,128.1288,74.2024,394.6454,245.0816,208.0817
0,252.6757,632.2476,128,94.8261,48.3839,395.904,268.1287,341.063
0,271.1549,739.7385,128,91.214,78.4347,438.0559,255.9765,188.4489
0,272.1562,171.0585,128,100.896,77.3886,538.0279,221.822,240.1416
0,283.8098,208.6552,128,111.7318,68.352,531.1544,382.9843,266.4132
0,283.9894,199.8124,128,98.1122,44.5533,430.6797,269.8092,243.0021
0,299.107,671.2571,1152,60.0083,79.6492,526.5026,298.1157,446.7404
0,299.5413,189.9921,128,57.4543,36.8917,471.7806,232.3317,256.7041
0,301.4432,616.8306,128,128.0352,64.4981,382.774,432.7586,306.9609
0,302.7358,662.822,128,48.7647,48.5077,567.4592,275.7861,241.282
0,304.0148,252.4005,128,132.5179,38.6264,534.308,505.0346,381.0577
0,312.5412,181.0331,128,7.6158,72.0278,456.2773,407.1228,439.2414
0,321.5618,159.6246,128,170.552,37.6431,444.0721,300.5096,289.0329
0,334.8089,698.9084,128,125.036,48.0521,434.6999,294.0272,317.989
0,362.4155,225.5948,128,93.0054,54.9181,433.7972,398.2524,218.3323
0,525.019,1477.6692,128,40.7185,28.3196,79.4796,126.6215,113.6002
0,614.8105,639.832,128,39.1152,32.1403,806.2587,423.7594,399.005
0,649.4898,592.596,128,39.5601,37.8021,759.3326,457.5806,460.5573
0,649.85,592.0414,128,30.4138,34.1321,774.3727,449.9,473.2378
0,650.9962,591.5717,128,25.2389,35.3412,779.2079,449.4441,462.8574
0,652.1664,601.9211,128,28.178,32.0624,777.4124,451.3635,466.1523
0,655.0275,585.2265,128,37.5766,37.7359,778.7175,451.5927,469.5274
0,655.3854,594.0211,128,30.5941,35,775.1806,454.9121,470.0521
0,656.2088,601.1089,128,37.3363,31.241,772.5497,455.1857,459.7434
0,656.4099,600.5439,128,35.1283,34.8281,774.2513,452.3737,462.6413
0,657.1917,591.1556,128,39.4462,34.4384,768.1771,444.7708,469.9202
0,657.4191,591.2021,128,32.2025,35.2278,775.487,449.7221,466.1641
0,657.5652,597.3583,128,37.6962,32.45,780.2358,454.7626,469.5796
0,657.8792,595.0403,128,31.4006,35.1141,770.9656,451.9337,470.1584
0,658.0273,582.0601,128,34.2053,38.0132,775.3638,443.8423,469.0682
0,658.2439,590.6174,128,39.2046,36.1386,775.7609,446.8042,472.7452
0,658.3168,595.2151,128,34.0147,36.4966,773.887,444.6684,464.2941
0,658.5135,600.3541,128,42.72,33.2415,753.1547,461.9534,455.4844
0,658.5879,596.9396,128,38.6394,37.1079,778.8158,449.0033,451.2483
0,659.0569,592.1301,128,39.9625,42.0476,764.6287,445.4571,458.5935
0,659.1093,592.5648,128,37.4433,34.8281,779.9417,444.8146,465.4654
0,660.6126,583.5795,128,38.4838,34.2345,767.6673,450.6284,467.6494
0,660.9849,583.6797,128,49.0408,31.241,749.213,441.5994,457.3948
0,661.366,596.8585,128,34.9857,29.0689,771.0181,456.0702,458.5041
0,661.5081,605.4056,128,47.2652,36.0694,763.0105,450.0511,460.8188
0,661.5513,601.5388,128,41.7732,37.4833,760.0059,457.739,457.2833
0,661.5837,589.8356,128,38.3275,32.28,775.1651,448.3659,464.1649
0,661.6351,596.1359,128,40,38.2099,756.32,447.7153,455.5107
0,663.4108,593.0615,128,40.6079,34,771.1375,442.9232,463.4965
0,663.5096,593.145,128,40.2616,35.6931,763.6295,453.9714,465.5083
0,663.6573,587.4725,128,40.6079,38.1182,767.3233,448.0279,469.3836
0,663.7545,591.1218,128,31.5753,31.0644,767.6307,447.0906,470.2308
0,663.8652,609.2372,128,37,30,766.5677,461.2082,450.3554
0,664.1272,596.2625,128,31.7805,36.2353,768.7607,442.7573,463.2764
0,664.2808,589.7134,128,29.4279,33.1059,773.9024,440.5145,468.2061
0,664.5938,595.0075,128,44.1022,38.833,750.5864,461.0618,461.1605
0,664.627,595.6283,128,42.1545,34.7131,761.6036,446.6094,463.7607
0,665.2225,604.2954,128,41.8808,31.1448,756.1217,466.9411,445.916
0,665.8123,598.5649,128,46.1411,33,762.8191,452.9823,463.5602
0,666.0037,591.8488,128,40.3609,38.8973,770.5596,448.8073,462.45
0,667.012,595.0538,128,47.0744,35.3553,788.3559,446.4482,471.9714
0,667.6294,606.8492,128,38.833,33,762.7194,465.3794,451.8639
0,668.1055,601.7076,128,41.0122,31.4006,762.4205,460.6093,449.0045
0,668.3053,595.3856,128,36.0139,38.0132,767.6204,444.0721,466.0526
0,668.5342,597.8244,128,29.5466,32.0624,763.1317,453.203,451.6559
0,668.6292,605.2603,128,42.19,33.0151,731.6078,459.8533,446.1715
0,669.0322,601.0724,128,47.8017,28.6356,746.6633,464.1519,454.4755
0,669.2159,601.9111,128,48.7545,34.1321,750.5071,455.0033,455.2714
0,669.2384,606.6473,128,32.7567,29.1548,764.1282,466.0097,449.0401
0,669.4789,606.9703,128,37.1214,28.8617,748.8885,465.1763,443.8119
0,669.5327,593.8325,128,32.5269,36.6879,770.738,451.7876,466.1266
0,669.7298,600.6505,128,46.1411,36.8782,752.2932,459.3582,459.1873
0,669.9642,598.5324,128,54.3783,31.7805,759.6269,461.0097,460.0924
0,670.2969,591.6561,128,40.0125,39.3954,754.5734,449.0668,457.988
0,670.4543,610.6603,128,48,35.4683,747.9204,459.1133,453.665
0,670.4901,598.9124,128,53.6004,32.6956,750.216,447.5377,454.8549
0,670.6154,594.3038,128,38.3275,37.3363,757.6813,442.4138,450.7516
0,670.7742,599.7233,128,50.0899,37.3363,747.6925,452.6069,460.744
0,671.275,581.7388,128,43.0465,37.855,762.8558,438.9123,466.9946
0,671.2771,603.8584,128,46.8402,31.6228,738.3854,466.7944,440.569
0,671.4716,589.5422,128,49.0917,32.6956,765.4104,453.2604,471.4679
0,671.7514,601.9111,128,41.6773,34.9857,774.5063,460.1935,462.3159
0,671.7515,604.0207,128,53.8517,35.609,752.2799,465.7832,447.5992
0,671.8244,595.7617,128,42.0119,37.3363,757.5995,450.5208,463.0389
0,671.9412,599.1611,128,33.0151,34.4093,777.6182,455.6424,458.939
0,672.5422,595.6862,128,38.5876,39.8246,751.7692,453.1313,461.0879
0,672.575,573.8928,128,31.7805,29.1548,755.4495,438.5488,447.5992
0,672.8596,582.6019,128,44.2945,39.0512,750.9047,444.0833,457.6735
0,672.8633,602.3163,128,39.1152,30.0832,754.5131,457.6647,443.2031
0,672.9294,586.873,128,34.9857,40.3113,755.2549,453.1313,452.5538
0,672.9354,588.2941,128,40.4969,34.9285,768.5682,454.6141,465.4653
0,673.084,583.5837,128,52.1728,31.7805,754.8629,439.5816,463.1685
0,673.5251,613.4468,128,35.3412,24.1868,767.3154,461.0911,453.1335
0,673.5948,595.8339,128,36.8782,32.7567,775.1032,450.5874,457.0273
0,673.7596,607.8001,128,42.0119,30.0167,761.4683,463.3141,446.3507
0,674.0712,579.0276,128,40.8044,37.9473,758.6,437.3237,461.1724
0,674.4634,596.4235,128,34.8281,36.2353,766.4627,461.8496,451.8517
0,674.5406,578.2914,128,36.4966,39.2046,765.1751,438.2659,461.7066
0,675.0482,609.2495,128,33.541,31.0484,761.4631,459.8109,452.8808
0,675.5923,610.4891,128,45.0999,34.9285,737.9647,454.7362,432.6581
0,676.3912,598.5115,128,42.0119,37.4833,761.8989,459.2004,452.0398
0,676.4037,601.5688,128,45.0111,33.0151,755.922,466.9582,447.7722
0,676.5419,599.1035,128,35.5106,29.6985,769.2308,451.297,451.3635
0,677.0562,600.7104,128,40.8044,29.0172,761.0788,464.0884,443.4828
0,677.3544,608.7997,128,25.0599,34.2345,756.2076,463.9062,443.6305
0,677.4142,606.0561,128,40.4475,31.0161,755.1033,460.8514,443.8029
0,677.6208,594.2744,128,41.5933,32.0624,757.1486,459.8369,452.4345
0,677.7382,614.8244,128,46.4866,35.1283,749.1128,460.4346,440.9195
0,677.7639,596.2718,128,39.4081,28.2312,758.5677,456.8633,446.4807
0,677.8569,609.7081,128,36.1386,30.6105,758.5104,452.4622,441.9559
0,678.1224,604.3311,128,40.4475,36.1386,742.7651,458.4692,451.2028
0,678.393,607.8717,128,39.8121,31.0161,753.7453,461.0532,445.8251
0,679.003,604.0281,128,35.8469,33.6006,767.7188,458.0393,448.8173
0,679.2996,602.7968,128,35.0571,37.2021,760.6083,459.0043,439.9739
0,679.3122,604.9827,128,45.607,39.1152,738.3359,455.0274,444.9326
0,679.3387,608.5327,128,43.1856,34.8855,760.6313,456.1634,439.942
0,679.5594,601.9875,128,51.4781,32.45,743.8716,453.1313,443.9279
0,679.6058,601.4026,128,32.573,35.7771,762.1351,462.1959,445.2527
0,679.7801,581.3123,128,34.0588,33.541,763.5188,433.5182,449.187
0,679.8124,584.7016,128,33.541,31.8277,766.6322,433.7569,457.2658
0,679.9802,608.9869,128,33.4216,31.3847,763.1776,465.0215,446.2567
0,680.2014,583.9529,128,42.5441,35.9026,766.1651,433.5862,456.9912
0,680.2125,608.8686,128,32.249,34.4384,772.4798,462.664,451.896
0,680.2654,609.4341,128,43.1045,32,763.8141,460.7168,443.0406
0,680.4712,607.4743,128,43.8292,34.6554,743.3116,463.2148,434.8356
0,680.8848,604.0281,128,37.6563,33.3766,747.0964,461.8539,439.4963
0,681.4462,581.3407,128,38.0789,34.0588,764.5025,427.7488,456.7647
0,681.5754,611.2037,128,43.8634,35.0571,757.4761,472.3315,444.3028
0,682.0007,580.8313,128,48.3011,36.7696,765.2477,441.6164,454.0705
0,682.1562,600.4207,128,52.2015,33.9411,747.8315,457.6898,453.1766
0,682.5745,575.406,128,41.6773,38.833,763.0806,434.716,460.4791
0,682.5987,585.4545,128,34.4819,40.3113,756.1084,433.2216,457.0011
0,683.1516,582.0009,128,53.1601,36.4005,761.2128,433.7569,461.2082
0,683.6169,602.5612,128,40.7185,33.2866,755.8902,455.2714,445.9708
0,683.6761,593.6606,128,25.4951,35.6931,765.2059,449.7221,446.8781
0,684,603.1194,128,47.1699,40.6079,749.9686,459.9793,447.1621
0,684.2493,602.7645,128,28.8444,38.5876,760.1428,462.65,447.2192
0,684.3691,607.5237,128,45.1774,40.0125,738.1823,467.2516,450.0989
0,684.5794,579.6697,128,39.2046,39.4462,761.2884,437.127,450.8215
0,684.7905,603.4318,128,47.0106,31.0484,748.8898,456.3968,445.9439
0,685.1234,591.2098,128,40.3113,34.176,755.6487,451.5772,454.757
0,685.2065,577.382,128,43.0116,43.2666,752.559,434.1624,455.3427
0,685.3591,606.9415,128,41.1461,30.0167,742.6069,469.3368,433.269
0,685.6895,591.5742,128,33,31.0161,749.8613,444.4199,442.1086
0,685.9308,584.2269,128,53.1601,33.121,748.1844,440.5281,446.3463
0,685.9366,588.1028,128,42.2966,33.121,768.0677,446.2219,452.7538
0,686.2216,575.3129,128,37.9473,37.2156,762.1214,431.5206,457.0864
0,686.2259,607.3557,128,43.1856,35.4401,745.1832,466.074,449.6799
0,686.5872,586.8603,128,32.2025,36.0555,764.2363,443.4975,450.8237
0,686.9214,606.3992,128,40.4599,33.1361,737.5534,461.2505,447.1353
0,687.1426,575.0348,128,37.6431,37.1214,767.7629,434.8988,456.4264
0,687.4445,583.5452,128,28.6531,40.1995,764.3906,438.6992,450.2544
0,687.4598,579.7422,128,35.3553,39,767.8138,434.1394,451.9834
0,687.7863,594.4157,128,31.9061,29.8329,761.0789,447.2326,443.6
0,687.843,582.28,128,48.3322,40.0125,751.1758,443.0914,448.4027
0,688.0211,582.6354,128,45.1221,39.3954,747.8188,432.9619,445.8924
0,688.332,587.218,128,38.833,41.0366,762.3542,434.3328,451.7079
0,689.005,587.9634,128,31.9531,30.0832,771.0726,437.7145,448.6981
0,689.0065,589.0204,128,41,33.2415,765.2202,441.562,452.6246
0,689.1045,585.2111,128,47.5079,36.8917,744.71,436.2958,449.0267
0,689.1393,579.511,128,43.2897,40.3113,751.6735,433.7972,450.7083
0,689.4055,584.1541,128,53.2541,33.8378,736.1807,448.4328,443.7409
0,689.7485,599.1761,128,36.0555,31.4006,749.7766,450.8769,434.4295
0,690.1486,610.345,128,46.5296,32.5269,747.2952,454.9121,441.9254
0,690.2181,580.8769,128,28.6531,38.1838,769.7584,439.7329,457.0044
0,690.6902,582.9931,128,36.3593,42.0119,761.5142,437.6665,455.9353
0,691.2546,588.0688,128,41.1096,30,736.2567,453.7158,428.8694
0,691.4514,583.2221,128,31.0644,35.4683,766.8305,434.7747,446.8478
0,691.8447,605.3925,128,44.643,31.3847,761.1793,467.6345,440.0102
0,692.0643,604.1564,128,48.5489,32.5576,758.0303,460.9772,442.1425
0,692.2955,587.9863,128,49.0102,33.2415,746.1971,443.2719,444.6032
0,692.3496,591.5218,128,49.679,29.6142,740.8981,452.7693,429.8569
0,692.546,594.0538,128,52.2398,34.2345,729.2476,452.2167,428.2861
0,692.8152,590.1025,128,51.0098,30.8058,730.9261,450.0155,430.834
0,693.018,585.2393,128,45.8803,36.8782,749.9686,436.2305,449.9478
0,693.4962,586.2227,128,47.927,35,752.3517,431.8564,449.1203
0,694.2946,588.1029,128,48.3839,33.8378,733.2128,446.972,436.8844
0,694.5192,590.8849,128,42.2966,40.2492,738.7896,448.8797,440.1295
0,695.5013,585.4955,128,47.8017,36.7151,745.6782,438.8827,451.8241
0,695.6328,588.6,128,34.7131,28.3196,761.2627,440.0955,440.7017
0,695.7679,591.6503,128,52.0096,42.19,737.8164,447.4148,440.1932
0,695.7765,584.652,128,47.1275,39.2173,737.5229,445.7948,438.7186
0,695.8735,590.3389,128,50.2096,39.4462,741.0054,440.5281,445.2246
0,695.8807,591.1429,128,44.2041,36.0555,743.0834,435.1368,439.7318
0,696.4854,588.8777,128,42.0119,38.0132,728.5616,448.1306,426.7856
0,696.5587,594.0724,128,48.1664,38.4838,745,442.6342,436.9863
0,696.6298,594.5419,128,38.833,35,765.0575,439.61,436.8581
0,696.9764,595.2016,128,38.2099,32.5576,760.2769,445.3818,442.7471
0,697.3873,580.8004,128,48.7032,36.2353,751.8364,439.0956,450.0056
0,697.4984,589.8347,128,48.4665,39.9249,737.6557,445.8217,439.5873
0,697.6718,585.4955,128,50.2195,42.4264,745.3489,448.9287,444.1813
0,697.9835,584.2303,128,48.0833,36.1248,740.025,449.0045,433.3186
0,698.9285,593.6304,128,43.566,29.1548,747.9598,452.9912,426.713
0,699.1767,597.2269,128,44.1022,33.8378,744.205,449.2538,436.8673
0,699.329,593.5529,128,38.4708,32.0156,758.2216,452.7472,439.172
0,699.3539,587.5645,128,56.8595,30.8058,736.4951,447.4036,437.7728
0,699.5463,597.4027,128,41,37.4833,744.168,448.2644,432.2557
0,700.2578,585.0615,128,30.1496,38.0132,769.2106,443.0011,447.8805
0,700.4013,589.7339,128,54.1202,36.6742,738.8132,450.2822,425.9355
0,700.6604,589.6067,128,41.1461,37,729.6094,451.9911,435.0368
0,700.786,595.2378,128,50.448,40.2616,739.0298,453.2163,431.0278
0,700.9772,590.9526,128,53.4603,35.4401,734.6972,454.6757,434.6056
0,701.6909,591.4634,128,51.2445,35.8469,729.0439,443.991,431.167
